{
    "solicitante": {
        "subject": "¡Hemos recibido tu solicitud!",
        "body": "Hola {{solicitante.nombre_completo}},\r\nNos hemos percatado de tu solicitud para el servicio de {{ servicio.nombre }}.\r\nA la brevedad por medio de este correo, nos comunicaremos contigo.",
        "farewell": "Saludos cordiales, Instituto Mexicano del Transporte"
    },
    "coordinador": {
        "subject": "¡Nueva solicitud de servicios requerido!",
        "body": "Hola,\r\nHas recibido una nueva notificación sobre una solicitud para el servicio de {{ servicio.nombre }}.",
        "farewell": "Atentamente, División de Telemática"
    },
    "asistente": {
        "subject": "¡Apoyo requerido en solicitud!",
        "body": "Hola,\r\nHas recibido una nueva notificación sobre una solicitud del servicio de {{ servicio.nombre }}.",
        "farewell": "Atentamente, División de Telemática"
    },
    "representante": {
        "subject": "¡Notificación de nueva solicitud!",
        "body": "Hola,\r\nAviso de que tal coordinación ha recibido una solicitud del servicio de {{ servicio.nombre }}.\r\nEn espera de ser atentida.",
        "farewell": "Atentamente, División de Telemática"
    }
}